-- MySQL dump 10.13  Distrib 8.0.32, for Linux (x86_64)
--
-- Host: localhost    Database: aarsl
-- ------------------------------------------------------
-- Server version	8.0.32-0ubuntu0.22.10.2

/*!40101 SET @OLD_CHARACTER_SET_CLIENT=@@CHARACTER_SET_CLIENT */;
/*!40101 SET @OLD_CHARACTER_SET_RESULTS=@@CHARACTER_SET_RESULTS */;
/*!40101 SET @OLD_COLLATION_CONNECTION=@@COLLATION_CONNECTION */;
/*!50503 SET NAMES utf8mb4 */;
/*!40103 SET @OLD_TIME_ZONE=@@TIME_ZONE */;
/*!40103 SET TIME_ZONE='+00:00' */;
/*!40014 SET @OLD_UNIQUE_CHECKS=@@UNIQUE_CHECKS, UNIQUE_CHECKS=0 */;
/*!40014 SET @OLD_FOREIGN_KEY_CHECKS=@@FOREIGN_KEY_CHECKS, FOREIGN_KEY_CHECKS=0 */;
/*!40101 SET @OLD_SQL_MODE=@@SQL_MODE, SQL_MODE='NO_AUTO_VALUE_ON_ZERO' */;
/*!40111 SET @OLD_SQL_NOTES=@@SQL_NOTES, SQL_NOTES=0 */;

--
-- Table structure for table `acid_products`
--

DROP TABLE IF EXISTS `acid_products`;
/*!40101 SET @saved_cs_client     = @@character_set_client */;
/*!50503 SET character_set_client = utf8mb4 */;
CREATE TABLE `acid_products` (
  `id` bigint unsigned NOT NULL AUTO_INCREMENT,
  `product_name` varchar(255) CHARACTER SET utf8mb4 COLLATE utf8mb4_unicode_ci NOT NULL,
  `stock` float DEFAULT NULL,
  `created_at` timestamp NULL DEFAULT NULL,
  `updated_at` timestamp NULL DEFAULT NULL,
  PRIMARY KEY (`id`)
) ENGINE=InnoDB AUTO_INCREMENT=2 DEFAULT CHARSET=utf8mb4 COLLATE=utf8mb4_unicode_ci;
/*!40101 SET character_set_client = @saved_cs_client */;

--
-- Dumping data for table `acid_products`
--

LOCK TABLES `acid_products` WRITE;
/*!40000 ALTER TABLE `acid_products` DISABLE KEYS */;
INSERT INTO `acid_products` VALUES (1,'Sulphuric Acid',1075,NULL,'2023-03-28 05:51:33');
/*!40000 ALTER TABLE `acid_products` ENABLE KEYS */;
UNLOCK TABLES;

--
-- Table structure for table `admins`
--

DROP TABLE IF EXISTS `admins`;
/*!40101 SET @saved_cs_client     = @@character_set_client */;
/*!50503 SET character_set_client = utf8mb4 */;
CREATE TABLE `admins` (
  `id` bigint unsigned NOT NULL AUTO_INCREMENT,
  `name` varchar(255) CHARACTER SET utf8mb4 COLLATE utf8mb4_unicode_ci NOT NULL,
  `email` varchar(255) CHARACTER SET utf8mb4 COLLATE utf8mb4_unicode_ci NOT NULL,
  `email_verified_at` timestamp NULL DEFAULT NULL,
  `password` varchar(255) CHARACTER SET utf8mb4 COLLATE utf8mb4_unicode_ci NOT NULL,
  `phone` varchar(255) CHARACTER SET utf8mb4 COLLATE utf8mb4_unicode_ci DEFAULT NULL,
  `category` varchar(255) CHARACTER SET utf8mb4 COLLATE utf8mb4_unicode_ci DEFAULT NULL,
  `product` varchar(255) CHARACTER SET utf8mb4 COLLATE utf8mb4_unicode_ci DEFAULT NULL,
  `customer` varchar(255) CHARACTER SET utf8mb4 COLLATE utf8mb4_unicode_ci DEFAULT NULL,
  `bank` varchar(255) CHARACTER SET utf8mb4 COLLATE utf8mb4_unicode_ci DEFAULT NULL,
  `supplier` varchar(255) CHARACTER SET utf8mb4 COLLATE utf8mb4_unicode_ci DEFAULT NULL,
  `production` varchar(255) CHARACTER SET utf8mb4 COLLATE utf8mb4_unicode_ci DEFAULT NULL,
  `l_c` varchar(255) CHARACTER SET utf8mb4 COLLATE utf8mb4_unicode_ci DEFAULT NULL,
  `sale` varchar(255) CHARACTER SET utf8mb4 COLLATE utf8mb4_unicode_ci DEFAULT NULL,
  `chalan` int DEFAULT NULL,
  `alluser` varchar(255) CHARACTER SET utf8mb4 COLLATE utf8mb4_unicode_ci DEFAULT NULL,
  `expense` int DEFAULT NULL,
  `hr` int DEFAULT NULL,
  `adminuserrole` varchar(255) CHARACTER SET utf8mb4 COLLATE utf8mb4_unicode_ci DEFAULT NULL,
  `schedule` int DEFAULT NULL,
  `type` int DEFAULT NULL,
  `remember_token` varchar(100) CHARACTER SET utf8mb4 COLLATE utf8mb4_unicode_ci DEFAULT NULL,
  `current_team_id` bigint unsigned DEFAULT NULL,
  `profile_photo_path` varchar(2048) CHARACTER SET utf8mb4 COLLATE utf8mb4_unicode_ci DEFAULT NULL,
  `created_at` timestamp NULL DEFAULT NULL,
  `updated_at` timestamp NULL DEFAULT NULL,
  PRIMARY KEY (`id`),
  UNIQUE KEY `admins_email_unique` (`email`)
) ENGINE=InnoDB AUTO_INCREMENT=22 DEFAULT CHARSET=utf8mb4 COLLATE=utf8mb4_unicode_ci;
/*!40101 SET character_set_client = @saved_cs_client */;

--
-- Dumping data for table `admins`
--

LOCK TABLES `admins` WRITE;
/*!40000 ALTER TABLE `admins` DISABLE KEYS */;
INSERT INTO `admins` VALUES (1,'Admin','admin@gmail.com','2022-06-05 03:57:32','$2y$10$ALbMmGnqCeBflP.JT8LWNu/swsmervF2UFssUBA3QKo52c6CrA9Ye','01964870827','1','1','1','1','1','1','1','1',1,'1',1,1,'1',1,1,'AQlsClKfHH6CWQ6Fq9YtlEkqtw2pFdjX3A7gXfYenUvlRBWuYE4Vdqs24L8l',NULL,'202207230834attachment_127807231.jfif','2022-06-05 03:57:32','2022-07-23 03:06:17'),(18,'Syed Ashiq','sashiq62@gmail.com',NULL,'$2y$10$HCO/Lzvdwf9qYIbZrO2j/u99S1K2IO88mn2Lp2n7akSRWBDO22AqK',NULL,'1','1','1','1','1','1','1','1',1,NULL,1,NULL,'1',1,2,NULL,NULL,NULL,'2023-03-25 05:04:51',NULL),(19,'Nazmul Haque Niaz','n.haque19@gmail.com',NULL,'$2y$10$FmhNsrIwyavujsBEjPo3JOEd1Co3C0hlTr.YLXAt8KW14Xrox4AO6',NULL,'1','1','1','1','1','1','1','1',1,NULL,1,NULL,'1',1,2,NULL,NULL,NULL,'2023-03-25 05:06:34',NULL),(21,'F. Bari','gm@aarslbd.com',NULL,'$2y$10$aNWwGLQFnpRFBoTt6YIfoeAwt/g0QpoFW02Ic5P0GD4bmAA0BW70O',NULL,NULL,'1','1','1','1','1',NULL,'1',1,NULL,1,NULL,NULL,1,2,NULL,NULL,NULL,'2023-03-25 05:08:49',NULL);
/*!40000 ALTER TABLE `admins` ENABLE KEYS */;
UNLOCK TABLES;

--
-- Table structure for table `banks`
--

DROP TABLE IF EXISTS `banks`;
/*!40101 SET @saved_cs_client     = @@character_set_client */;
/*!50503 SET character_set_client = utf8mb4 */;
CREATE TABLE `banks` (
  `id` bigint unsigned NOT NULL AUTO_INCREMENT,
  `bank_name` varchar(255) CHARACTER SET utf8mb4 COLLATE utf8mb4_unicode_ci NOT NULL,
  `ac_name` varchar(255) CHARACTER SET utf8mb4 COLLATE utf8mb4_unicode_ci NOT NULL,
  `ano_name` varchar(255) CHARACTER SET utf8mb4 COLLATE utf8mb4_unicode_ci NOT NULL,
  `branch` varchar(255) CHARACTER SET utf8mb4 COLLATE utf8mb4_unicode_ci NOT NULL,
  `balance` float DEFAULT NULL,
  `created_at` timestamp NULL DEFAULT NULL,
  `updated_at` timestamp NULL DEFAULT NULL,
  PRIMARY KEY (`id`)
) ENGINE=InnoDB AUTO_INCREMENT=6 DEFAULT CHARSET=utf8mb4 COLLATE=utf8mb4_unicode_ci;
/*!40101 SET character_set_client = @saved_cs_client */;

--
-- Dumping data for table `banks`
--

LOCK TABLES `banks` WRITE;
/*!40000 ALTER TABLE `banks` DISABLE KEYS */;
INSERT INTO `banks` VALUES (5,'Payment','Shelby Mercado','40','Eos sequi illo omni',77,'2023-03-25 07:07:00',NULL);
/*!40000 ALTER TABLE `banks` ENABLE KEYS */;
UNLOCK TABLES;

--
-- Table structure for table `categories`
--

DROP TABLE IF EXISTS `categories`;
/*!40101 SET @saved_cs_client     = @@character_set_client */;
/*!50503 SET character_set_client = utf8mb4 */;
CREATE TABLE `categories` (
  `id` int NOT NULL AUTO_INCREMENT,
  `category_name` varchar(255) DEFAULT NULL,
  `created_at` timestamp NULL DEFAULT NULL,
  `updated_at` timestamp NULL DEFAULT NULL,
  PRIMARY KEY (`id`)
) ENGINE=InnoDB AUTO_INCREMENT=15 DEFAULT CHARSET=utf8mb3;
/*!40101 SET character_set_client = @saved_cs_client */;

--
-- Dumping data for table `categories`
--

LOCK TABLES `categories` WRITE;
/*!40000 ALTER TABLE `categories` DISABLE KEYS */;
INSERT INTO `categories` VALUES (14,'Sulphur','2023-03-22 04:40:01',NULL);
/*!40000 ALTER TABLE `categories` ENABLE KEYS */;
UNLOCK TABLES;

--
-- Table structure for table `chalans`
--

DROP TABLE IF EXISTS `chalans`;
/*!40101 SET @saved_cs_client     = @@character_set_client */;
/*!50503 SET character_set_client = utf8mb4 */;
CREATE TABLE `chalans` (
  `id` bigint unsigned NOT NULL AUTO_INCREMENT,
  `customer_id` bigint unsigned NOT NULL,
  `company` varchar(255) CHARACTER SET utf8mb4 COLLATE utf8mb4_unicode_ci NOT NULL,
  `address` varchar(255) CHARACTER SET utf8mb4 COLLATE utf8mb4_unicode_ci NOT NULL,
  `chalan_date` date NOT NULL,
  `chalan_no` varchar(255) CHARACTER SET utf8mb4 COLLATE utf8mb4_unicode_ci NOT NULL,
  `qty` int NOT NULL,
  `rate` float DEFAULT NULL,
  `total` float DEFAULT NULL,
  `nbalance` float DEFAULT NULL,
  `created_at` timestamp NULL DEFAULT NULL,
  `updated_at` timestamp NULL DEFAULT NULL,
  PRIMARY KEY (`id`)
) ENGINE=InnoDB AUTO_INCREMENT=19 DEFAULT CHARSET=utf8mb4 COLLATE=utf8mb4_unicode_ci;
/*!40101 SET character_set_client = @saved_cs_client */;

--
-- Dumping data for table `chalans`
--

LOCK TABLES `chalans` WRITE;
/*!40000 ALTER TABLE `chalans` DISABLE KEYS */;
INSERT INTO `chalans` VALUES (14,647,'Al Amin','Faridpur','2023-03-28','RSA34888415',10,3000,30000,270000,'2023-03-28 05:45:41',NULL),(15,649,'Square','Dhaka','2023-03-28','RSA42671968',10,2000,20000,180000,'2023-03-28 05:50:44',NULL),(16,646,'Friends','Dhaka','2023-03-28','RSA34798214',10,1000,10000,90000,'2023-03-28 05:50:57',NULL),(17,651,'Hamid','Dhaka','2023-03-28','RSA19346984',10,500,5000,45000,'2023-03-28 05:51:10',NULL),(18,650,'Khadiza','Dhaka','2023-03-28','RSA39691906',10,300,3000,27000,'2023-03-28 05:51:33',NULL);
/*!40000 ALTER TABLE `chalans` ENABLE KEYS */;
UNLOCK TABLES;

--
-- Table structure for table `customers`
--

DROP TABLE IF EXISTS `customers`;
/*!40101 SET @saved_cs_client     = @@character_set_client */;
/*!50503 SET character_set_client = utf8mb4 */;
CREATE TABLE `customers` (
  `id` bigint NOT NULL AUTO_INCREMENT,
  `customer_name` varchar(255) DEFAULT NULL,
  `address` varchar(255) DEFAULT NULL,
  `phone` varchar(100) DEFAULT NULL,
  `email` varchar(100) DEFAULT NULL,
  `dea_cus` int DEFAULT NULL,
  `advance` float DEFAULT NULL,
  `delivery` float DEFAULT NULL,
  `due` float DEFAULT NULL,
  `rate` float DEFAULT NULL,
  `rateType` varchar(255) DEFAULT NULL,
  `balance` float DEFAULT NULL,
  `created_at` timestamp NULL DEFAULT NULL ON UPDATE CURRENT_TIMESTAMP,
  `updated_at` timestamp NULL DEFAULT NULL,
  PRIMARY KEY (`id`),
  KEY `customer_id` (`id`)
) ENGINE=MyISAM AUTO_INCREMENT=652 DEFAULT CHARSET=utf8mb3;
/*!40101 SET character_set_client = @saved_cs_client */;

--
-- Dumping data for table `customers`
--

LOCK TABLES `customers` WRITE;
/*!40000 ALTER TABLE `customers` DISABLE KEYS */;
INSERT INTO `customers` VALUES (646,'Friends Chemical','Dhaka','123456778','friends@chemical.com',1,100,10,90,1000,'FOB',90000,'2023-03-28 05:50:57','2023-03-28 05:50:57'),(647,'Al Amin Chemical','Dhaka','12345678','alamin@gmail.com',1,100,10,90,3000,'FOB',270000,'2023-03-28 05:45:41','2023-03-28 05:45:41'),(648,'ZXL Industries','Dhaka','12345678','zxl@gmail.com',1,NULL,NULL,NULL,NULL,NULL,NULL,NULL,NULL),(649,'Ayesha Trading Corpor.','Dhaka','12345678','ayesha@gmail.com',1,100,10,90,2000,'FOB',180000,'2023-03-28 05:50:44','2023-03-28 05:50:44'),(650,'Khadiza Enterprise','Dhaka','12344576','khadiza@gmail.com',1,100,10,90,300,'FOB',27000,'2023-03-28 05:51:33','2023-03-28 05:51:33'),(651,'Hamid','Dhaka','5432543524','hamid@gmail.com',1,100,10,90,500,'FOB',45000,'2023-03-28 05:51:10','2023-03-28 05:51:10');
/*!40000 ALTER TABLE `customers` ENABLE KEYS */;
UNLOCK TABLES;

--
-- Table structure for table `designations`
--

DROP TABLE IF EXISTS `designations`;
/*!40101 SET @saved_cs_client     = @@character_set_client */;
/*!50503 SET character_set_client = utf8mb4 */;
CREATE TABLE `designations` (
  `id` bigint unsigned NOT NULL AUTO_INCREMENT,
  `designation` varchar(255) CHARACTER SET utf8mb4 COLLATE utf8mb4_unicode_ci NOT NULL,
  `created_at` timestamp NULL DEFAULT NULL,
  `updated_at` timestamp NULL DEFAULT NULL,
  PRIMARY KEY (`id`)
) ENGINE=InnoDB AUTO_INCREMENT=2 DEFAULT CHARSET=utf8mb4 COLLATE=utf8mb4_unicode_ci;
/*!40101 SET character_set_client = @saved_cs_client */;

--
-- Dumping data for table `designations`
--

LOCK TABLES `designations` WRITE;
/*!40000 ALTER TABLE `designations` DISABLE KEYS */;
/*!40000 ALTER TABLE `designations` ENABLE KEYS */;
UNLOCK TABLES;

--
-- Table structure for table `employees`
--

DROP TABLE IF EXISTS `employees`;
/*!40101 SET @saved_cs_client     = @@character_set_client */;
/*!50503 SET character_set_client = utf8mb4 */;
CREATE TABLE `employees` (
  `id` bigint unsigned NOT NULL AUTO_INCREMENT,
  `created_at` timestamp NULL DEFAULT NULL,
  `updated_at` timestamp NULL DEFAULT NULL,
  PRIMARY KEY (`id`)
) ENGINE=InnoDB DEFAULT CHARSET=utf8mb4 COLLATE=utf8mb4_unicode_ci;
/*!40101 SET character_set_client = @saved_cs_client */;

--
-- Dumping data for table `employees`
--

LOCK TABLES `employees` WRITE;
/*!40000 ALTER TABLE `employees` DISABLE KEYS */;
/*!40000 ALTER TABLE `employees` ENABLE KEYS */;
UNLOCK TABLES;

--
-- Table structure for table `expense_types`
--

DROP TABLE IF EXISTS `expense_types`;
/*!40101 SET @saved_cs_client     = @@character_set_client */;
/*!50503 SET character_set_client = utf8mb4 */;
CREATE TABLE `expense_types` (
  `id` bigint unsigned NOT NULL AUTO_INCREMENT,
  `expenseType` varchar(255) CHARACTER SET utf8mb4 COLLATE utf8mb4_unicode_ci NOT NULL,
  `created_at` timestamp NULL DEFAULT NULL,
  `updated_at` timestamp NULL DEFAULT NULL,
  PRIMARY KEY (`id`)
) ENGINE=InnoDB AUTO_INCREMENT=3 DEFAULT CHARSET=utf8mb4 COLLATE=utf8mb4_unicode_ci;
/*!40101 SET character_set_client = @saved_cs_client */;

--
-- Dumping data for table `expense_types`
--

LOCK TABLES `expense_types` WRITE;
/*!40000 ALTER TABLE `expense_types` DISABLE KEYS */;
INSERT INTO `expense_types` VALUES (1,'Fare','2023-01-31 03:47:47',NULL),(2,'Rent','2023-01-31 03:49:16',NULL);
/*!40000 ALTER TABLE `expense_types` ENABLE KEYS */;
UNLOCK TABLES;

--
-- Table structure for table `failed_jobs`
--

DROP TABLE IF EXISTS `failed_jobs`;
/*!40101 SET @saved_cs_client     = @@character_set_client */;
/*!50503 SET character_set_client = utf8mb4 */;
CREATE TABLE `failed_jobs` (
  `id` bigint unsigned NOT NULL AUTO_INCREMENT,
  `uuid` varchar(255) CHARACTER SET utf8mb4 COLLATE utf8mb4_unicode_ci NOT NULL,
  `connection` text CHARACTER SET utf8mb4 COLLATE utf8mb4_unicode_ci NOT NULL,
  `queue` text CHARACTER SET utf8mb4 COLLATE utf8mb4_unicode_ci NOT NULL,
  `payload` longtext CHARACTER SET utf8mb4 COLLATE utf8mb4_unicode_ci NOT NULL,
  `exception` longtext CHARACTER SET utf8mb4 COLLATE utf8mb4_unicode_ci NOT NULL,
  `failed_at` timestamp NOT NULL DEFAULT CURRENT_TIMESTAMP,
  PRIMARY KEY (`id`),
  UNIQUE KEY `failed_jobs_uuid_unique` (`uuid`)
) ENGINE=InnoDB DEFAULT CHARSET=utf8mb4 COLLATE=utf8mb4_unicode_ci;
/*!40101 SET character_set_client = @saved_cs_client */;

--
-- Dumping data for table `failed_jobs`
--

LOCK TABLES `failed_jobs` WRITE;
/*!40000 ALTER TABLE `failed_jobs` DISABLE KEYS */;
/*!40000 ALTER TABLE `failed_jobs` ENABLE KEYS */;
UNLOCK TABLES;

--
-- Table structure for table `migrations`
--

DROP TABLE IF EXISTS `migrations`;
/*!40101 SET @saved_cs_client     = @@character_set_client */;
/*!50503 SET character_set_client = utf8mb4 */;
CREATE TABLE `migrations` (
  `id` int unsigned NOT NULL AUTO_INCREMENT,
  `migration` varchar(255) CHARACTER SET utf8mb4 COLLATE utf8mb4_unicode_ci NOT NULL,
  `batch` int NOT NULL,
  PRIMARY KEY (`id`)
) ENGINE=InnoDB AUTO_INCREMENT=60 DEFAULT CHARSET=utf8mb4 COLLATE=utf8mb4_unicode_ci;
/*!40101 SET character_set_client = @saved_cs_client */;

--
-- Dumping data for table `migrations`
--

LOCK TABLES `migrations` WRITE;
/*!40000 ALTER TABLE `migrations` DISABLE KEYS */;
INSERT INTO `migrations` VALUES (1,'2014_10_12_000000_create_users_table',1),(2,'2014_10_12_100000_create_password_resets_table',1),(3,'2014_10_12_200000_add_two_factor_columns_to_users_table',1),(4,'2019_08_19_000000_create_failed_jobs_table',1),(5,'2019_12_14_000001_create_personal_access_tokens_table',1),(6,'2022_06_05_035221_create_sessions_table',1),(7,'2022_06_05_093510_create_admins_table',2),(8,'2022_06_08_050819_create_brands_table',3),(9,'2022_06_11_072712_create_sliders_table',4),(10,'2022_06_11_080003_create_sliders_table',5),(11,'2022_06_12_044009_create_categories_table',6),(12,'2022_06_12_044635_create_sub_categories_table',6),(13,'2022_06_12_101831_create_products_table',7),(14,'2022_06_12_102120_create_multi_imgs_table',7),(15,'2022_06_15_111136_create_carts_table',8),(16,'2022_06_18_051335_create_wishlists_table',9),(17,'2022_06_19_061429_create_coupons_table',10),(18,'2022_06_20_055345_create_ship_divisions_table',11),(19,'2022_06_20_082833_create_ship_districts_table',12),(20,'2022_06_21_050936_create_ship_states_table',13),(21,'2022_06_22_153813_create_shippings_table',14),(22,'2022_06_25_052407_create_oders_table',14),(23,'2022_06_25_075304_create_orders_table',15),(24,'2022_06_25_075738_create_order_items_table',15),(25,'2022_06_30_065319_create_site_settings_table',16),(26,'2022_06_30_110044_create_seos_table',17),(27,'2022_07_02_062717_create_reviews_table',18),(28,'2022_08_01_044732_create_locations_table',19),(29,'2022_12_17_142839_create_quotations_table',20),(30,'2022_12_18_071520_create_quotations_table',21),(31,'2022_12_18_083754_create_quotation_items_table',22),(32,'2022_12_21_072212_create_customers_table',22),(33,'2022_12_22_051900_create_quotation_items_table',23),(34,'2022_12_22_051908_create_quotations_table',23),(35,'2022_12_22_051920_create_customers_table',23),(36,'2022_12_22_062042_create_quotation_items_table',24),(37,'2023_01_10_060905_create_banks_table',25),(38,'2023_01_10_071658_create_suppliers_table',26),(39,'2023_01_10_111709_create_purchases_table',27),(40,'2023_01_10_111933_create_purchase_items_table',27),(41,'2023_01_10_114539_create_payment_items_table',27),(42,'2023_01_31_092320_create_expense_types_table',28),(43,'2023_01_31_095728_create_employees_table',29),(44,'2023_01_31_103138_create_designations_table',29),(45,'2023_02_25_093329_create_sulphur_stocks_table',30),(46,'2023_02_27_054051_create_productions_table',31),(47,'2023_02_27_092217_create_todays_productions_table',32),(48,'2023_03_01_052946_create_dealers_table',33),(49,'2023_03_01_091128_create_schedules_table',34),(50,'2023_03_02_094932_create_schedules_table',35),(51,'2023_03_02_113137_create_schedule_dates_table',36),(52,'2023_03_13_103924_create_sales_table',36),(53,'2023_03_13_103937_create_sales_items_table',36),(54,'2023_03_14_101450_create_sales_payment_items_table',37),(55,'2023_03_14_104021_create_acid_products_table',38),(56,'2023_03_15_085403_create_chalans_table',39),(57,'2023_03_22_061304_create_requisitions_table',40),(58,'2023_03_22_061552_create_requisition_types_table',41),(59,'2023_03_22_072837_create_requisitions_table',42);
/*!40000 ALTER TABLE `migrations` ENABLE KEYS */;
UNLOCK TABLES;

--
-- Table structure for table `password_resets`
--

DROP TABLE IF EXISTS `password_resets`;
/*!40101 SET @saved_cs_client     = @@character_set_client */;
/*!50503 SET character_set_client = utf8mb4 */;
CREATE TABLE `password_resets` (
  `email` varchar(255) CHARACTER SET utf8mb4 COLLATE utf8mb4_unicode_ci NOT NULL,
  `token` varchar(255) CHARACTER SET utf8mb4 COLLATE utf8mb4_unicode_ci NOT NULL,
  `created_at` timestamp NULL DEFAULT NULL,
  KEY `password_resets_email_index` (`email`)
) ENGINE=InnoDB DEFAULT CHARSET=utf8mb4 COLLATE=utf8mb4_unicode_ci;
/*!40101 SET character_set_client = @saved_cs_client */;

--
-- Dumping data for table `password_resets`
--

LOCK TABLES `password_resets` WRITE;
/*!40000 ALTER TABLE `password_resets` DISABLE KEYS */;
/*!40000 ALTER TABLE `password_resets` ENABLE KEYS */;
UNLOCK TABLES;

--
-- Table structure for table `payment_items`
--

DROP TABLE IF EXISTS `payment_items`;
/*!40101 SET @saved_cs_client     = @@character_set_client */;
/*!50503 SET character_set_client = utf8mb4 */;
CREATE TABLE `payment_items` (
  `id` bigint unsigned NOT NULL AUTO_INCREMENT,
  `purchase_id` bigint unsigned NOT NULL,
  `bank_id` bigint unsigned NOT NULL,
  `b_paid_amount` double(8,2) NOT NULL,
  `created_at` timestamp NULL DEFAULT NULL,
  `updated_at` timestamp NULL DEFAULT NULL,
  PRIMARY KEY (`id`),
  KEY `payment_items_purchase_id_foreign` (`purchase_id`),
  CONSTRAINT `payment_items_purchase_id_foreign` FOREIGN KEY (`purchase_id`) REFERENCES `purchases` (`id`) ON DELETE CASCADE
) ENGINE=InnoDB AUTO_INCREMENT=62 DEFAULT CHARSET=utf8mb4 COLLATE=utf8mb4_unicode_ci;
/*!40101 SET character_set_client = @saved_cs_client */;

--
-- Dumping data for table `payment_items`
--

LOCK TABLES `payment_items` WRITE;
/*!40000 ALTER TABLE `payment_items` DISABLE KEYS */;
INSERT INTO `payment_items` VALUES (59,66,5,12.00,'2023-03-27 10:48:23','2023-03-27 10:48:23'),(60,67,5,50000.00,'2023-03-28 05:25:50','2023-03-28 05:25:50'),(61,68,5,50000.00,'2023-03-28 05:26:24','2023-03-28 05:26:24');
/*!40000 ALTER TABLE `payment_items` ENABLE KEYS */;
UNLOCK TABLES;

--
-- Table structure for table `personal_access_tokens`
--

DROP TABLE IF EXISTS `personal_access_tokens`;
/*!40101 SET @saved_cs_client     = @@character_set_client */;
/*!50503 SET character_set_client = utf8mb4 */;
CREATE TABLE `personal_access_tokens` (
  `id` bigint unsigned NOT NULL AUTO_INCREMENT,
  `tokenable_type` varchar(255) CHARACTER SET utf8mb4 COLLATE utf8mb4_unicode_ci NOT NULL,
  `tokenable_id` bigint unsigned NOT NULL,
  `name` varchar(255) CHARACTER SET utf8mb4 COLLATE utf8mb4_unicode_ci NOT NULL,
  `token` varchar(64) CHARACTER SET utf8mb4 COLLATE utf8mb4_unicode_ci NOT NULL,
  `abilities` text CHARACTER SET utf8mb4 COLLATE utf8mb4_unicode_ci,
  `last_used_at` timestamp NULL DEFAULT NULL,
  `created_at` timestamp NULL DEFAULT NULL,
  `updated_at` timestamp NULL DEFAULT NULL,
  PRIMARY KEY (`id`),
  UNIQUE KEY `personal_access_tokens_token_unique` (`token`),
  KEY `personal_access_tokens_tokenable_type_tokenable_id_index` (`tokenable_type`,`tokenable_id`)
) ENGINE=InnoDB DEFAULT CHARSET=utf8mb4 COLLATE=utf8mb4_unicode_ci;
/*!40101 SET character_set_client = @saved_cs_client */;

--
-- Dumping data for table `personal_access_tokens`
--

LOCK TABLES `personal_access_tokens` WRITE;
/*!40000 ALTER TABLE `personal_access_tokens` DISABLE KEYS */;
/*!40000 ALTER TABLE `personal_access_tokens` ENABLE KEYS */;
UNLOCK TABLES;

--
-- Table structure for table `productions`
--

DROP TABLE IF EXISTS `productions`;
/*!40101 SET @saved_cs_client     = @@character_set_client */;
/*!50503 SET character_set_client = utf8mb4 */;
CREATE TABLE `productions` (
  `id` bigint unsigned NOT NULL AUTO_INCREMENT,
  `product_id` bigint unsigned NOT NULL,
  `qty` varchar(255) CHARACTER SET utf8mb4 COLLATE utf8mb4_unicode_ci NOT NULL,
  `created_at` timestamp NULL DEFAULT NULL,
  `updated_at` timestamp NULL DEFAULT NULL,
  PRIMARY KEY (`id`)
) ENGINE=InnoDB AUTO_INCREMENT=16 DEFAULT CHARSET=utf8mb4 COLLATE=utf8mb4_unicode_ci;
/*!40101 SET character_set_client = @saved_cs_client */;

--
-- Dumping data for table `productions`
--

LOCK TABLES `productions` WRITE;
/*!40000 ALTER TABLE `productions` DISABLE KEYS */;
INSERT INTO `productions` VALUES (12,179,'1','2023-03-27 10:53:10','2023-03-27 10:53:10'),(13,179,'5','2023-03-28 05:20:31','2023-03-28 05:20:31'),(14,181,'100','2023-03-28 05:37:46','2023-03-28 05:37:46'),(15,181,'300','2023-03-28 05:39:21','2023-03-28 05:39:21');
/*!40000 ALTER TABLE `productions` ENABLE KEYS */;
UNLOCK TABLES;

--
-- Table structure for table `products`
--

DROP TABLE IF EXISTS `products`;
/*!40101 SET @saved_cs_client     = @@character_set_client */;
/*!50503 SET character_set_client = utf8mb4 */;
CREATE TABLE `products` (
  `id` int NOT NULL AUTO_INCREMENT,
  `category_id` varchar(255) DEFAULT NULL,
  `product_name` varchar(255) NOT NULL,
  `selling_price` varchar(100) DEFAULT NULL,
  `product_code` varchar(100) DEFAULT NULL,
  `status` int DEFAULT NULL,
  `discount_price` varchar(255) DEFAULT NULL,
  `discount` varchar(255) DEFAULT NULL,
  `qty` int DEFAULT NULL,
  `created_at` timestamp NULL DEFAULT NULL,
  `updated_at` timestamp NULL DEFAULT NULL,
  PRIMARY KEY (`id`),
  KEY `category_id` (`category_id`)
) ENGINE=MyISAM AUTO_INCREMENT=183 DEFAULT CHARSET=utf8mb3;
/*!40101 SET character_set_client = @saved_cs_client */;

--
-- Dumping data for table `products`
--

LOCK TABLES `products` WRITE;
/*!40000 ALTER TABLE `products` DISABLE KEYS */;
INSERT INTO `products` VALUES (182,'12','Sulphur Pellet','2500','SP',1,NULL,'2500',0,'2023-02-26 00:12:52','2023-03-11 04:52:05'),(181,'12','Sulphur Flakes','2000','SF',1,NULL,'2000',600,'2023-02-26 00:12:33','2023-03-28 05:39:21'),(180,'12','Sulphur Granular','15000','SG',1,NULL,'15000',0,'2023-02-26 00:12:09','2023-03-11 04:52:05'),(179,'12','Sulphur Lump','1000','SL',1,NULL,'1000',86,'2023-02-26 00:11:44','2023-03-28 05:20:31');
/*!40000 ALTER TABLE `products` ENABLE KEYS */;
UNLOCK TABLES;

--
-- Table structure for table `purchase_items`
--

DROP TABLE IF EXISTS `purchase_items`;
/*!40101 SET @saved_cs_client     = @@character_set_client */;
/*!50503 SET character_set_client = utf8mb4 */;
CREATE TABLE `purchase_items` (
  `id` bigint unsigned NOT NULL AUTO_INCREMENT,
  `purchase_id` bigint unsigned NOT NULL,
  `product_id` bigint unsigned NOT NULL,
  `qty` int NOT NULL,
  `batch_no` varchar(255) CHARACTER SET utf8mb4 COLLATE utf8mb4_unicode_ci NOT NULL,
  `rate` double(8,2) NOT NULL,
  `rateType` varchar(255) CHARACTER SET utf8mb4 COLLATE utf8mb4_unicode_ci DEFAULT NULL,
  `amount` double(8,2) NOT NULL,
  `created_at` timestamp NULL DEFAULT NULL,
  `updated_at` timestamp NULL DEFAULT NULL,
  PRIMARY KEY (`id`),
  KEY `purchase_items_purchase_id_foreign` (`purchase_id`),
  CONSTRAINT `purchase_items_purchase_id_foreign` FOREIGN KEY (`purchase_id`) REFERENCES `purchases` (`id`) ON DELETE CASCADE
) ENGINE=InnoDB AUTO_INCREMENT=78 DEFAULT CHARSET=utf8mb4 COLLATE=utf8mb4_unicode_ci;
/*!40101 SET character_set_client = @saved_cs_client */;

--
-- Dumping data for table `purchase_items`
--

LOCK TABLES `purchase_items` WRITE;
/*!40000 ALTER TABLE `purchase_items` DISABLE KEYS */;
INSERT INTO `purchase_items` VALUES (75,66,179,92,'Sit velit quo qui a',16.00,'FOB',1472.00,'2023-03-27 10:48:23','2023-03-27 10:48:23'),(76,67,181,500,'45',100.00,'FOB',50000.00,'2023-03-28 05:25:50','2023-03-28 05:25:50'),(77,68,181,500,'42',100.00,'FOB',50000.00,'2023-03-28 05:26:24','2023-03-28 05:26:24');
/*!40000 ALTER TABLE `purchase_items` ENABLE KEYS */;
UNLOCK TABLES;

--
-- Table structure for table `purchases`
--

DROP TABLE IF EXISTS `purchases`;
/*!40101 SET @saved_cs_client     = @@character_set_client */;
/*!50503 SET character_set_client = utf8mb4 */;
CREATE TABLE `purchases` (
  `id` bigint unsigned NOT NULL AUTO_INCREMENT,
  `supplier_id` bigint unsigned NOT NULL,
  `chalan_no` varchar(255) CHARACTER SET utf8mb4 COLLATE utf8mb4_unicode_ci NOT NULL,
  `purchase_date` date DEFAULT NULL,
  `ldate` date DEFAULT NULL,
  `boen` varchar(255) CHARACTER SET utf8mb4 COLLATE utf8mb4_unicode_ci DEFAULT NULL,
  `besb` date DEFAULT NULL,
  `boed` date DEFAULT NULL,
  `track` varchar(255) CHARACTER SET utf8mb4 COLLATE utf8mb4_unicode_ci DEFAULT NULL,
  `details` text CHARACTER SET utf8mb4 COLLATE utf8mb4_unicode_ci,
  `sub_total` double(8,2) NOT NULL,
  `grand_total` double(8,2) NOT NULL,
  `purchase_discount` varchar(255) CHARACTER SET utf8mb4 COLLATE utf8mb4_unicode_ci DEFAULT NULL,
  `discount_flat` varchar(255) CHARACTER SET utf8mb4 COLLATE utf8mb4_unicode_ci DEFAULT NULL,
  `total_vat` varchar(255) CHARACTER SET utf8mb4 COLLATE utf8mb4_unicode_ci DEFAULT NULL,
  `p_paid_amount` varchar(255) CHARACTER SET utf8mb4 COLLATE utf8mb4_unicode_ci NOT NULL,
  `due_amount` varchar(255) CHARACTER SET utf8mb4 COLLATE utf8mb4_unicode_ci NOT NULL,
  `status` varchar(255) CHARACTER SET utf8mb4 COLLATE utf8mb4_unicode_ci NOT NULL,
  `created_at` timestamp NULL DEFAULT NULL,
  `updated_at` timestamp NULL DEFAULT NULL,
  PRIMARY KEY (`id`)
) ENGINE=InnoDB AUTO_INCREMENT=69 DEFAULT CHARSET=utf8mb4 COLLATE=utf8mb4_unicode_ci;
/*!40101 SET character_set_client = @saved_cs_client */;

--
-- Dumping data for table `purchases`
--

LOCK TABLES `purchases` WRITE;
/*!40000 ALTER TABLE `purchases` DISABLE KEYS */;
INSERT INTO `purchases` VALUES (66,1,'Velit libero velit',NULL,NULL,'Qui ipsum voluptas','2011-11-24','1988-06-25','Labore ab Nam ipsum','1970-01-19',1472.00,1461.00,NULL,'11',NULL,'12','1449','Reached Factory','2023-03-27 10:48:23','2023-03-27 10:50:47'),(67,2,'123',NULL,NULL,'567','2023-03-31','2023-03-30','1234','2023-03-30',50000.00,50000.00,NULL,NULL,NULL,'50000','0','Reached Factory','2023-03-28 05:25:50','2023-03-28 05:36:17'),(68,2,'45',NULL,NULL,'653','2023-03-28','2023-03-28','32','2023-03-28',50000.00,50000.00,NULL,NULL,NULL,'50000','0','Reached Factory','2023-03-28 05:26:24','2023-03-28 05:36:34');
/*!40000 ALTER TABLE `purchases` ENABLE KEYS */;
UNLOCK TABLES;

--
-- Table structure for table `quotation_items`
--

DROP TABLE IF EXISTS `quotation_items`;
/*!40101 SET @saved_cs_client     = @@character_set_client */;
/*!50503 SET character_set_client = utf8mb4 */;
CREATE TABLE `quotation_items` (
  `id` bigint unsigned NOT NULL AUTO_INCREMENT,
  `quotation_id` bigint unsigned NOT NULL,
  `product_id` bigint unsigned NOT NULL,
  `qty` varchar(255) CHARACTER SET utf8mb4 COLLATE utf8mb4_unicode_ci NOT NULL,
  `price` double(8,2) NOT NULL,
  `amount` int NOT NULL,
  `created_at` timestamp NULL DEFAULT NULL,
  `updated_at` timestamp NULL DEFAULT NULL,
  PRIMARY KEY (`id`),
  KEY `quotation_items_quotation_id_foreign` (`quotation_id`),
  CONSTRAINT `quotation_items_quotation_id_foreign` FOREIGN KEY (`quotation_id`) REFERENCES `quotations` (`id`) ON DELETE CASCADE
) ENGINE=InnoDB AUTO_INCREMENT=55 DEFAULT CHARSET=utf8mb4 COLLATE=utf8mb4_unicode_ci;
/*!40101 SET character_set_client = @saved_cs_client */;

--
-- Dumping data for table `quotation_items`
--

LOCK TABLES `quotation_items` WRITE;
/*!40000 ALTER TABLE `quotation_items` DISABLE KEYS */;
/*!40000 ALTER TABLE `quotation_items` ENABLE KEYS */;
UNLOCK TABLES;

--
-- Table structure for table `quotations`
--

DROP TABLE IF EXISTS `quotations`;
/*!40101 SET @saved_cs_client     = @@character_set_client */;
/*!50503 SET character_set_client = utf8mb4 */;
CREATE TABLE `quotations` (
  `id` bigint unsigned NOT NULL AUTO_INCREMENT,
  `customer_id` bigint unsigned NOT NULL,
  `auth_id` bigint unsigned NOT NULL,
  `invoice` varchar(255) CHARACTER SET utf8mb4 COLLATE utf8mb4_unicode_ci NOT NULL,
  `quotation_date` date DEFAULT NULL,
  `expire_date` date DEFAULT NULL,
  `sub_total` double(8,2) NOT NULL,
  `grand_total` double(8,2) NOT NULL,
  `discount_percentage` varchar(255) CHARACTER SET utf8mb4 COLLATE utf8mb4_unicode_ci DEFAULT NULL,
  `discount_flat` varchar(255) CHARACTER SET utf8mb4 COLLATE utf8mb4_unicode_ci DEFAULT NULL,
  `vat_percentage` varchar(255) CHARACTER SET utf8mb4 COLLATE utf8mb4_unicode_ci DEFAULT NULL,
  `vat_amount` varchar(255) CHARACTER SET utf8mb4 COLLATE utf8mb4_unicode_ci DEFAULT NULL,
  `paid_amount` int DEFAULT NULL,
  `due_amount` int DEFAULT NULL,
  `total_discount` varchar(255) CHARACTER SET utf8mb4 COLLATE utf8mb4_unicode_ci DEFAULT NULL,
  `details` text CHARACTER SET utf8mb4 COLLATE utf8mb4_unicode_ci,
  `created_at` timestamp NULL DEFAULT NULL,
  `updated_at` timestamp NULL DEFAULT NULL,
  PRIMARY KEY (`id`)
) ENGINE=InnoDB AUTO_INCREMENT=24 DEFAULT CHARSET=utf8mb4 COLLATE=utf8mb4_unicode_ci;
/*!40101 SET character_set_client = @saved_cs_client */;

--
-- Dumping data for table `quotations`
--

LOCK TABLES `quotations` WRITE;
/*!40000 ALTER TABLE `quotations` DISABLE KEYS */;
/*!40000 ALTER TABLE `quotations` ENABLE KEYS */;
UNLOCK TABLES;

--
-- Table structure for table `requisition_types`
--

DROP TABLE IF EXISTS `requisition_types`;
/*!40101 SET @saved_cs_client     = @@character_set_client */;
/*!50503 SET character_set_client = utf8mb4 */;
CREATE TABLE `requisition_types` (
  `id` bigint unsigned NOT NULL AUTO_INCREMENT,
  `requisitionType` varchar(255) CHARACTER SET utf8mb4 COLLATE utf8mb4_unicode_ci NOT NULL,
  `created_at` timestamp NULL DEFAULT NULL,
  `updated_at` timestamp NULL DEFAULT NULL,
  PRIMARY KEY (`id`)
) ENGINE=InnoDB AUTO_INCREMENT=6 DEFAULT CHARSET=utf8mb4 COLLATE=utf8mb4_unicode_ci;
/*!40101 SET character_set_client = @saved_cs_client */;

--
-- Dumping data for table `requisition_types`
--

LOCK TABLES `requisition_types` WRITE;
/*!40000 ALTER TABLE `requisition_types` DISABLE KEYS */;
INSERT INTO `requisition_types` VALUES (2,'Water Pump','2023-03-28 05:14:52',NULL),(3,'Shaft','2023-03-28 05:15:01',NULL),(4,'Metal Sheet','2023-03-28 05:15:08',NULL),(5,'Almirah','2023-03-28 05:16:20',NULL);
/*!40000 ALTER TABLE `requisition_types` ENABLE KEYS */;
UNLOCK TABLES;

--
-- Table structure for table `requisitions`
--

DROP TABLE IF EXISTS `requisitions`;
/*!40101 SET @saved_cs_client     = @@character_set_client */;
/*!50503 SET character_set_client = utf8mb4 */;
CREATE TABLE `requisitions` (
  `id` bigint unsigned NOT NULL AUTO_INCREMENT,
  `requisitionType_id` bigint unsigned NOT NULL,
  `date` date NOT NULL,
  `amount` double(8,2) NOT NULL,
  `status` varchar(255) CHARACTER SET utf8mb4 COLLATE utf8mb4_unicode_ci NOT NULL,
  `details` text CHARACTER SET utf8mb4 COLLATE utf8mb4_unicode_ci,
  `created_at` timestamp NULL DEFAULT NULL,
  `updated_at` timestamp NULL DEFAULT NULL,
  PRIMARY KEY (`id`)
) ENGINE=InnoDB AUTO_INCREMENT=4 DEFAULT CHARSET=utf8mb4 COLLATE=utf8mb4_unicode_ci;
/*!40101 SET character_set_client = @saved_cs_client */;

--
-- Dumping data for table `requisitions`
--

LOCK TABLES `requisitions` WRITE;
/*!40000 ALTER TABLE `requisitions` DISABLE KEYS */;
INSERT INTO `requisitions` VALUES (3,4,'2023-03-28',50000.00,'Unpaid','SS 316 10 MM,  8 feet / 4 feet','2023-03-28 05:19:12',NULL);
/*!40000 ALTER TABLE `requisitions` ENABLE KEYS */;
UNLOCK TABLES;

--
-- Table structure for table `sales`
--

DROP TABLE IF EXISTS `sales`;
/*!40101 SET @saved_cs_client     = @@character_set_client */;
/*!50503 SET character_set_client = utf8mb4 */;
CREATE TABLE `sales` (
  `id` bigint unsigned NOT NULL AUTO_INCREMENT,
  `customer_id` bigint unsigned NOT NULL,
  `sale_date` date NOT NULL,
  `details` text CHARACTER SET utf8mb4 COLLATE utf8mb4_unicode_ci,
  `sub_total` double(8,2) NOT NULL,
  `grand_total` double(8,2) NOT NULL,
  `discount_flat` varchar(255) CHARACTER SET utf8mb4 COLLATE utf8mb4_unicode_ci DEFAULT NULL,
  `discount_per` varchar(255) CHARACTER SET utf8mb4 COLLATE utf8mb4_unicode_ci DEFAULT NULL,
  `total_vat` varchar(255) CHARACTER SET utf8mb4 COLLATE utf8mb4_unicode_ci DEFAULT NULL,
  `p_paid_amount` varchar(255) CHARACTER SET utf8mb4 COLLATE utf8mb4_unicode_ci NOT NULL,
  `due_amount` varchar(255) CHARACTER SET utf8mb4 COLLATE utf8mb4_unicode_ci NOT NULL,
  `created_at` timestamp NULL DEFAULT NULL,
  `updated_at` timestamp NULL DEFAULT NULL,
  PRIMARY KEY (`id`)
) ENGINE=InnoDB AUTO_INCREMENT=41 DEFAULT CHARSET=utf8mb4 COLLATE=utf8mb4_unicode_ci;
/*!40101 SET character_set_client = @saved_cs_client */;

--
-- Dumping data for table `sales`
--

LOCK TABLES `sales` WRITE;
/*!40000 ALTER TABLE `sales` DISABLE KEYS */;
INSERT INTO `sales` VALUES (36,647,'2023-03-28',NULL,300000.00,300000.00,NULL,NULL,NULL,'300000','0','2023-03-28 05:43:37',NULL),(37,649,'2023-03-28',NULL,200000.00,200000.00,NULL,NULL,NULL,'200000','0','2023-03-28 05:44:22',NULL),(38,646,'2023-03-28',NULL,100000.00,100000.00,NULL,NULL,NULL,'100000','0','2023-03-28 05:49:08',NULL),(39,651,'2023-03-28',NULL,50000.00,50000.00,NULL,NULL,NULL,'50000','0','2023-03-28 05:49:29',NULL),(40,650,'2023-03-28',NULL,30000.00,30000.00,NULL,NULL,NULL,'30000','0','2023-03-28 05:49:48',NULL);
/*!40000 ALTER TABLE `sales` ENABLE KEYS */;
UNLOCK TABLES;

--
-- Table structure for table `sales_items`
--

DROP TABLE IF EXISTS `sales_items`;
/*!40101 SET @saved_cs_client     = @@character_set_client */;
/*!50503 SET character_set_client = utf8mb4 */;
CREATE TABLE `sales_items` (
  `id` bigint unsigned NOT NULL AUTO_INCREMENT,
  `sale_id` bigint unsigned NOT NULL,
  `product_id` int NOT NULL,
  `qty` varchar(255) CHARACTER SET utf8mb4 COLLATE utf8mb4_unicode_ci NOT NULL,
  `rateType` varchar(255) CHARACTER SET utf8mb4 COLLATE utf8mb4_unicode_ci NOT NULL,
  `rate` double(8,2) NOT NULL,
  `amount` double(8,2) NOT NULL,
  `created_at` timestamp NULL DEFAULT NULL,
  `updated_at` timestamp NULL DEFAULT NULL,
  PRIMARY KEY (`id`),
  KEY `sales_items_sale_id_foreign` (`sale_id`),
  CONSTRAINT `sales_items_sale_id_foreign` FOREIGN KEY (`sale_id`) REFERENCES `sales` (`id`) ON DELETE CASCADE
) ENGINE=InnoDB AUTO_INCREMENT=32 DEFAULT CHARSET=utf8mb4 COLLATE=utf8mb4_unicode_ci;
/*!40101 SET character_set_client = @saved_cs_client */;

--
-- Dumping data for table `sales_items`
--

LOCK TABLES `sales_items` WRITE;
/*!40000 ALTER TABLE `sales_items` DISABLE KEYS */;
INSERT INTO `sales_items` VALUES (27,36,1,'100','F',3.00,300000.00,'2023-03-28 05:43:37','2023-03-28 05:43:37'),(28,37,1,'100','F',2.00,200000.00,'2023-03-28 05:44:22','2023-03-28 05:44:22'),(29,38,1,'100','F',1.00,100000.00,'2023-03-28 05:49:08','2023-03-28 05:49:08'),(30,39,1,'100','F',5.00,50000.00,'2023-03-28 05:49:29','2023-03-28 05:49:29'),(31,40,1,'100','F',3.00,30000.00,'2023-03-28 05:49:48','2023-03-28 05:49:48');
/*!40000 ALTER TABLE `sales_items` ENABLE KEYS */;
UNLOCK TABLES;

--
-- Table structure for table `sales_payment_items`
--

DROP TABLE IF EXISTS `sales_payment_items`;
/*!40101 SET @saved_cs_client     = @@character_set_client */;
/*!50503 SET character_set_client = utf8mb4 */;
CREATE TABLE `sales_payment_items` (
  `id` bigint unsigned NOT NULL AUTO_INCREMENT,
  `sale_id` bigint unsigned NOT NULL,
  `bank_id` bigint unsigned NOT NULL,
  `b_paid_amount` double(8,2) NOT NULL,
  `created_at` timestamp NULL DEFAULT NULL,
  `updated_at` timestamp NULL DEFAULT NULL,
  PRIMARY KEY (`id`),
  KEY `sales_payment_items_sale_id_foreign` (`sale_id`),
  CONSTRAINT `sales_payment_items_sale_id_foreign` FOREIGN KEY (`sale_id`) REFERENCES `sales` (`id`) ON DELETE CASCADE
) ENGINE=InnoDB AUTO_INCREMENT=29 DEFAULT CHARSET=utf8mb4 COLLATE=utf8mb4_unicode_ci;
/*!40101 SET character_set_client = @saved_cs_client */;

--
-- Dumping data for table `sales_payment_items`
--

LOCK TABLES `sales_payment_items` WRITE;
/*!40000 ALTER TABLE `sales_payment_items` DISABLE KEYS */;
INSERT INTO `sales_payment_items` VALUES (24,36,5,300000.00,'2023-03-28 05:43:37','2023-03-28 05:43:37'),(25,37,5,200000.00,'2023-03-28 05:44:22','2023-03-28 05:44:22'),(26,38,5,100000.00,'2023-03-28 05:49:08','2023-03-28 05:49:08'),(27,39,5,50000.00,'2023-03-28 05:49:29','2023-03-28 05:49:29'),(28,40,5,30000.00,'2023-03-28 05:49:48','2023-03-28 05:49:48');
/*!40000 ALTER TABLE `sales_payment_items` ENABLE KEYS */;
UNLOCK TABLES;

--
-- Table structure for table `schedules`
--

DROP TABLE IF EXISTS `schedules`;
/*!40101 SET @saved_cs_client     = @@character_set_client */;
/*!50503 SET character_set_client = utf8mb4 */;
CREATE TABLE `schedules` (
  `id` bigint unsigned NOT NULL AUTO_INCREMENT,
  `schedule_date` date DEFAULT NULL,
  `customer_id` bigint unsigned NOT NULL,
  `qty` int NOT NULL,
  `stock` int DEFAULT NULL,
  `time` time NOT NULL,
  `created_at` timestamp NULL DEFAULT NULL,
  `updated_at` timestamp NULL DEFAULT NULL,
  PRIMARY KEY (`id`)
) ENGINE=InnoDB AUTO_INCREMENT=39 DEFAULT CHARSET=utf8mb4 COLLATE=utf8mb4_unicode_ci;
/*!40101 SET character_set_client = @saved_cs_client */;

--
-- Dumping data for table `schedules`
--

LOCK TABLES `schedules` WRITE;
/*!40000 ALTER TABLE `schedules` DISABLE KEYS */;
INSERT INTO `schedules` VALUES (34,'2023-03-28',647,10,1125,'17:40:00','2023-03-28 05:47:36','2023-03-28 05:47:36'),(35,'2023-03-28',650,10,1125,'11:51:00','2023-03-28 05:52:32','2023-03-28 05:52:32'),(36,'2023-03-28',646,10,1125,'13:56:00','2023-03-28 05:52:32','2023-03-28 05:52:32'),(37,'2023-03-28',651,10,1125,'14:56:00','2023-03-28 05:52:32','2023-03-28 05:52:32'),(38,'2023-03-28',649,10,1125,'16:00:00','2023-03-28 05:52:32','2023-03-28 05:52:32');
/*!40000 ALTER TABLE `schedules` ENABLE KEYS */;
UNLOCK TABLES;

--
-- Table structure for table `sessions`
--

DROP TABLE IF EXISTS `sessions`;
/*!40101 SET @saved_cs_client     = @@character_set_client */;
/*!50503 SET character_set_client = utf8mb4 */;
CREATE TABLE `sessions` (
  `id` varchar(255) CHARACTER SET utf8mb4 COLLATE utf8mb4_unicode_ci NOT NULL,
  `user_id` bigint unsigned DEFAULT NULL,
  `ip_address` varchar(45) CHARACTER SET utf8mb4 COLLATE utf8mb4_unicode_ci DEFAULT NULL,
  `user_agent` text CHARACTER SET utf8mb4 COLLATE utf8mb4_unicode_ci,
  `payload` text CHARACTER SET utf8mb4 COLLATE utf8mb4_unicode_ci NOT NULL,
  `last_activity` int NOT NULL,
  PRIMARY KEY (`id`),
  KEY `sessions_user_id_index` (`user_id`),
  KEY `sessions_last_activity_index` (`last_activity`)
) ENGINE=InnoDB DEFAULT CHARSET=utf8mb4 COLLATE=utf8mb4_unicode_ci;
/*!40101 SET character_set_client = @saved_cs_client */;

--
-- Dumping data for table `sessions`
--

LOCK TABLES `sessions` WRITE;
/*!40000 ALTER TABLE `sessions` DISABLE KEYS */;
INSERT INTO `sessions` VALUES ('0WETpaADSecZs88nkxbpRmkAoT1r2DsfFW7dNdCP',NULL,'185.225.74.42','Mozilla/5.0 (X11; Ubuntu; Linux x86_64; rv:76.0) Gecko/20100101 Firefox/76.0','YTozOntzOjY6Il90b2tlbiI7czo0MDoiSVdDVDhNT0ZXY1RHZDZZWU5ia1I3bDlFQ3M5ZXNFZDJBSmpKSHd3bCI7czo5OiJfcHJldmlvdXMiO2E6MTp7czozOiJ1cmwiO3M6MjE6Imh0dHA6Ly8xNjUuMjIuMjQxLjEyOCI7fXM6NjoiX2ZsYXNoIjthOjI6e3M6Mzoib2xkIjthOjA6e31zOjM6Im5ldyI7YTowOnt9fX0=',1679982663),('1P7NuAhv7M4aeIMn817iawOYQnPGDwaxmi3Ip8es',1,'103.230.63.86','Mozilla/5.0 (Windows NT 10.0; Win64; x64) AppleWebKit/537.36 (KHTML, like Gecko) Chrome/111.0.0.0 Safari/537.36','YTo1OntzOjY6Il90b2tlbiI7czo0MDoiZ3dkclhYaXpiYnBXRnRXSFAxWVNEMmhwaFJlZlJBdEZIckZJSGNSaiI7czo5OiJfcHJldmlvdXMiO2E6MTp7czozOiJ1cmwiO3M6Mzc6Imh0dHA6Ly9hYXJzbC5keWF6Lnh5ei9hZG1pbi9kYXNoYm9hcmQiO31zOjY6Il9mbGFzaCI7YToyOntzOjM6Im9sZCI7YTowOnt9czozOiJuZXciO2E6MDp7fX1zOjUyOiJsb2dpbl9hZG1pbl81OWJhMzZhZGRjMmIyZjk0MDE1ODBmMDE0YzdmNThlYTRlMzA5ODlkIjtpOjE7czoxOToicGFzc3dvcmRfaGFzaF9hZG1pbiI7czo2MDoiJDJ5JDEwJEFMYk1tR25xQ2VCZmxQLkpUOExXTnUvc3dzbWVydkYyVUZzc1VCQTNRS281MmM2Q3JBOVllIjt9',1679983653),('dLREKBe9T5B33wr9W8akmVqtroLu45t57WjIMF0g',NULL,'94.102.61.10','python-requests/2.26.0','YTozOntzOjY6Il90b2tlbiI7czo0MDoid3ROUkZjaVJHQm5tSlQ5Y2dKY0VoYnl4OHVFWGNxa3BQZVY4MmxMNSI7czo5OiJfcHJldmlvdXMiO2E6MTp7czozOiJ1cmwiO3M6MjE6Imh0dHA6Ly8xNjUuMjIuMjQxLjEyOCI7fXM6NjoiX2ZsYXNoIjthOjI6e3M6Mzoib2xkIjthOjA6e31zOjM6Im5ldyI7YTowOnt9fX0=',1679982359),('e148yuHmHPyNnUj8T6TkkTvSaoZsmvWNC8C4rm0M',NULL,'43.134.171.185','\'Mozilla/5.0','YTozOntzOjY6Il90b2tlbiI7czo0MDoiWlU1RURTcEtDMllJYnNNUFZ2TU9uSGY5bVl4ZFg4elBrUG9GUWZqTiI7czo5OiJfcHJldmlvdXMiO2E6MTp7czozOiJ1cmwiO3M6MjE6Imh0dHA6Ly8xNjUuMjIuMjQxLjEyOCI7fXM6NjoiX2ZsYXNoIjthOjI6e3M6Mzoib2xkIjthOjA6e31zOjM6Im5ldyI7YTowOnt9fX0=',1679984270),('HH8VdIPFlatwEOH9pI90kLR4oHhV7mvFsmblWBOB',NULL,'143.110.222.166','Mozilla/5.0 (iPhone; CPU iPhone OS 16_1 like Mac OS X) AppleWebKit/605.1.15 (KHTML, like Gecko) Version/16.1 Mobile/15E148 Safari/604.1','YTozOntzOjY6Il90b2tlbiI7czo0MDoiT3NhYUp1TDVZcjdVc1BpUXFoenZNcFZXSzBMaEphdTh3UmVFeGNQSiI7czo5OiJfcHJldmlvdXMiO2E6MTp7czozOiJ1cmwiO3M6MjE6Imh0dHA6Ly8xNjUuMjIuMjQxLjEyOCI7fXM6NjoiX2ZsYXNoIjthOjI6e3M6Mzoib2xkIjthOjA6e31zOjM6Im5ldyI7YTowOnt9fX0=',1679975944),('I4bOqEeMZBaNXEdo4kIGPQYRMSX6u4Y500TnSRII',NULL,'179.43.177.242','Hello World','YTozOntzOjY6Il90b2tlbiI7czo0MDoiM1RwdW9Dc2FwVVY2R2xZUkZUT2Rndm5EbHh0NW9PTURYb29CcjQzdSI7czo5OiJfcHJldmlvdXMiO2E6MTp7czozOiJ1cmwiO3M6MjE6Imh0dHA6Ly8xNjUuMjIuMjQxLjEyOCI7fXM6NjoiX2ZsYXNoIjthOjI6e3M6Mzoib2xkIjthOjA6e31zOjM6Im5ldyI7YTowOnt9fX0=',1679982175),('iDFzz3xf5Lf35G5JMuLYsh13tQVCDMtE8oyLYe1z',NULL,'103.230.63.86','Mozilla/5.0 (Windows NT 10.0; Win64; x64) AppleWebKit/537.36 (KHTML, like Gecko) Chrome/111.0.0.0 Safari/537.36','YTo1OntzOjY6Il90b2tlbiI7czo0MDoiaFlIaEF0aGRHeEY5cWFaekNsTTM0WW1xQjlVU1kxZTBKM0tNakZyOSI7czo2OiJfZmxhc2giO2E6Mjp7czozOiJvbGQiO2E6MDp7fXM6MzoibmV3IjthOjA6e319czo1MjoibG9naW5fYWRtaW5fNTliYTM2YWRkYzJiMmY5NDAxNTgwZjAxNGM3ZjU4ZWE0ZTMwOTg5ZCI7aToxO3M6MTk6InBhc3N3b3JkX2hhc2hfYWRtaW4iO3M6NjA6IiQyeSQxMCRBTGJNbUducUNlQmZsUC5KVDhMV051L3N3c21lcnZGMlVGc3NVQkEzUUtvNTJjNkNyQTlZZSI7czo5OiJfcHJldmlvdXMiO2E6MTp7czozOiJ1cmwiO3M6NDk6Imh0dHA6Ly9hYXJzbC5keWF6Lnh5ei9jaGFsYW4vZG93bmxvYWQvZmF2aWNvbi5pY28iO319',1679983697),('ONQNmMBYatKBtpTO6UF63sNdxiMiG0JxjX3vzuOS',NULL,'143.110.222.166','Mozilla/5.0 (iPhone; CPU iPhone OS 16_1 like Mac OS X) AppleWebKit/605.1.15 (KHTML, like Gecko) Version/16.1 Mobile/15E148 Safari/604.1','YTozOntzOjY6Il90b2tlbiI7czo0MDoibW9JTXg2M3h3b3ZYUXhMQjZvS2Jtc0p2YjVJVWZVYmVVUDdEM3NUOSI7czo5OiJfcHJldmlvdXMiO2E6MTp7czozOiJ1cmwiO3M6MjE6Imh0dHA6Ly8xNjUuMjIuMjQxLjEyOCI7fXM6NjoiX2ZsYXNoIjthOjI6e3M6Mzoib2xkIjthOjA6e31zOjM6Im5ldyI7YTowOnt9fX0=',1679983414),('rlIfW4I4JDvWe8W5Q3iL4Ka5MoLPVRIdNU2n6R0L',NULL,'66.249.65.99','Mozilla/5.0 (compatible; Googlebot/2.1; +http://www.google.com/bot.html)','YTozOntzOjY6Il90b2tlbiI7czo0MDoibGdra25RYkJxcFI5b0M1VjgyRnc2WklRVll5YmxXQWFDMWtrUUlVUyI7czo5OiJfcHJldmlvdXMiO2E6MTp7czozOiJ1cmwiO3M6MjE6Imh0dHA6Ly8xNjUuMjIuMjQxLjEyOCI7fXM6NjoiX2ZsYXNoIjthOjI6e3M6Mzoib2xkIjthOjA6e31zOjM6Im5ldyI7YTowOnt9fX0=',1679975995),('RQZbb5UzORW708ISRw5PlnwokR7HX4nQGnlH5Nx3',NULL,'193.32.162.159','Mozilla/5.0 (Windows NT 10.0; Win64; x64) AppleWebKit/537.36 (KHTML, like Gecko) Chrome/90.0.4430.85 Safari/537.36 Edg/90.0.818.46','YToyOntzOjY6Il90b2tlbiI7czo0MDoiMmZVV0lEWjdZZ3ZQN25jVzdMS1lhZDlLMnJUNzdBV1c5SnpxWlNwaSI7czo2OiJfZmxhc2giO2E6Mjp7czozOiJvbGQiO2E6MDp7fXM6MzoibmV3IjthOjA6e319fQ==',1679981994),('y60TLWsC9NinJhlURrRO6P8IEDme7jovRiehD5AG',NULL,'103.78.254.174','Mozilla/5.0 (Windows NT 10.0; Win64; x64) AppleWebKit/537.36 (KHTML, like Gecko) Chrome/111.0.0.0 Safari/537.36','YTo2OntzOjY6Il90b2tlbiI7czo0MDoic01OYklRVmdWYXo0OUdlUno0dzlEb05vUENRU25pU0J1Njdsc3hIYSI7czozOiJ1cmwiO2E6MDp7fXM6OToiX3ByZXZpb3VzIjthOjE6e3M6MzoidXJsIjtzOjM2OiJodHRwOi8vYWFyc2wuZHlhei54eXovcHJvZHVjdC9tYW5hZ2UiO31zOjY6Il9mbGFzaCI7YToyOntzOjM6Im9sZCI7YTowOnt9czozOiJuZXciO2E6MDp7fX1zOjUyOiJsb2dpbl9hZG1pbl81OWJhMzZhZGRjMmIyZjk0MDE1ODBmMDE0YzdmNThlYTRlMzA5ODlkIjtpOjE7czoxOToicGFzc3dvcmRfaGFzaF9hZG1pbiI7czo2MDoiJDJ5JDEwJEFMYk1tR25xQ2VCZmxQLkpUOExXTnUvc3dzbWVydkYyVUZzc1VCQTNRS281MmM2Q3JBOVllIjt9',1679981871),('YKtOcomEwIYvWeseQA3QPsaKBgYYkRdmwFW4SVd8',NULL,'143.110.222.166','Mozilla/5.0 (iPhone; CPU iPhone OS 16_1 like Mac OS X) AppleWebKit/605.1.15 (KHTML, like Gecko) Version/16.1 Mobile/15E148 Safari/604.1','YTozOntzOjY6Il90b2tlbiI7czo0MDoiNGtoSmJVUm9pT05zcVJ6RzA3VEgwUzZJdjlBemNmbndwYkJQMVZGWSI7czo5OiJfcHJldmlvdXMiO2E6MTp7czozOiJ1cmwiO3M6MjE6Imh0dHA6Ly8xNjUuMjIuMjQxLjEyOCI7fXM6NjoiX2ZsYXNoIjthOjI6e3M6Mzoib2xkIjthOjA6e31zOjM6Im5ldyI7YTowOnt9fX0=',1679980056);
/*!40000 ALTER TABLE `sessions` ENABLE KEYS */;
UNLOCK TABLES;

--
-- Table structure for table `sliders`
--

DROP TABLE IF EXISTS `sliders`;
/*!40101 SET @saved_cs_client     = @@character_set_client */;
/*!50503 SET character_set_client = utf8mb4 */;
CREATE TABLE `sliders` (
  `id` bigint unsigned NOT NULL AUTO_INCREMENT,
  `slider_img` varchar(255) CHARACTER SET utf8mb4 COLLATE utf8mb4_unicode_ci NOT NULL,
  `title` varchar(255) CHARACTER SET utf8mb4 COLLATE utf8mb4_unicode_ci DEFAULT NULL,
  `subTitle` text CHARACTER SET utf8mb4 COLLATE utf8mb4_unicode_ci,
  `startingPrice` int DEFAULT NULL,
  `slideStyle` int NOT NULL DEFAULT '1',
  `status` int NOT NULL DEFAULT '1',
  `created_at` timestamp NULL DEFAULT NULL,
  `updated_at` timestamp NULL DEFAULT NULL,
  PRIMARY KEY (`id`)
) ENGINE=InnoDB AUTO_INCREMENT=9 DEFAULT CHARSET=utf8mb4 COLLATE=utf8mb4_unicode_ci;
/*!40101 SET character_set_client = @saved_cs_client */;

--
-- Dumping data for table `sliders`
--

LOCK TABLES `sliders` WRITE;
/*!40000 ALTER TABLE `sliders` DISABLE KEYS */;
/*!40000 ALTER TABLE `sliders` ENABLE KEYS */;
UNLOCK TABLES;

--
-- Table structure for table `sub_categories`
--

DROP TABLE IF EXISTS `sub_categories`;
/*!40101 SET @saved_cs_client     = @@character_set_client */;
/*!50503 SET character_set_client = utf8mb4 */;
CREATE TABLE `sub_categories` (
  `id` bigint unsigned NOT NULL AUTO_INCREMENT,
  `category_id` int NOT NULL,
  `subcategory_name` varchar(255) CHARACTER SET utf8mb4 COLLATE utf8mb4_unicode_ci NOT NULL,
  `created_at` timestamp NULL DEFAULT NULL,
  `updated_at` timestamp NULL DEFAULT NULL,
  PRIMARY KEY (`id`)
) ENGINE=InnoDB AUTO_INCREMENT=10 DEFAULT CHARSET=utf8mb4 COLLATE=utf8mb4_unicode_ci;
/*!40101 SET character_set_client = @saved_cs_client */;

--
-- Dumping data for table `sub_categories`
--

LOCK TABLES `sub_categories` WRITE;
/*!40000 ALTER TABLE `sub_categories` DISABLE KEYS */;
/*!40000 ALTER TABLE `sub_categories` ENABLE KEYS */;
UNLOCK TABLES;

--
-- Table structure for table `suppliers`
--

DROP TABLE IF EXISTS `suppliers`;
/*!40101 SET @saved_cs_client     = @@character_set_client */;
/*!50503 SET character_set_client = utf8mb4 */;
CREATE TABLE `suppliers` (
  `id` bigint unsigned NOT NULL AUTO_INCREMENT,
  `supplier_name` varchar(255) CHARACTER SET utf8mb4 COLLATE utf8mb4_unicode_ci NOT NULL,
  `address` varchar(255) CHARACTER SET utf8mb4 COLLATE utf8mb4_unicode_ci NOT NULL,
  `mobile` varchar(255) CHARACTER SET utf8mb4 COLLATE utf8mb4_unicode_ci NOT NULL,
  `email_address` varchar(255) CHARACTER SET utf8mb4 COLLATE utf8mb4_unicode_ci NOT NULL,
  `phone` varchar(255) CHARACTER SET utf8mb4 COLLATE utf8mb4_unicode_ci DEFAULT NULL,
  `city` varchar(255) CHARACTER SET utf8mb4 COLLATE utf8mb4_unicode_ci DEFAULT NULL,
  `state` varchar(255) CHARACTER SET utf8mb4 COLLATE utf8mb4_unicode_ci DEFAULT NULL,
  `zip` varchar(255) CHARACTER SET utf8mb4 COLLATE utf8mb4_unicode_ci DEFAULT NULL,
  `country` varchar(255) CHARACTER SET utf8mb4 COLLATE utf8mb4_unicode_ci DEFAULT NULL,
  `created_at` timestamp NULL DEFAULT NULL,
  `updated_at` timestamp NULL DEFAULT NULL,
  PRIMARY KEY (`id`)
) ENGINE=InnoDB AUTO_INCREMENT=3 DEFAULT CHARSET=utf8mb4 COLLATE=utf8mb4_unicode_ci;
/*!40101 SET character_set_client = @saved_cs_client */;

--
-- Dumping data for table `suppliers`
--

LOCK TABLES `suppliers` WRITE;
/*!40000 ALTER TABLE `suppliers` DISABLE KEYS */;
INSERT INTO `suppliers` VALUES (1,'Tashya Oneal','Aut ex omnis illum','19','tajakoci@mailinator.com','66','Non dolor omnis ut s','Lorem nisi quis quas','68540',NULL,'2023-01-10 03:14:10',NULL),(2,'Dubai Chemicals','Dubai, UAE','3873821314','dubai@chemicals.com',NULL,'Dubai','Dubai','1234',NULL,'2023-03-28 05:00:37',NULL);
/*!40000 ALTER TABLE `suppliers` ENABLE KEYS */;
UNLOCK TABLES;

--
-- Table structure for table `todays_productions`
--

DROP TABLE IF EXISTS `todays_productions`;
/*!40101 SET @saved_cs_client     = @@character_set_client */;
/*!50503 SET character_set_client = utf8mb4 */;
CREATE TABLE `todays_productions` (
  `id` bigint unsigned NOT NULL AUTO_INCREMENT,
  `product` varchar(255) CHARACTER SET utf8mb4 COLLATE utf8mb4_unicode_ci NOT NULL,
  `qty` varchar(255) CHARACTER SET utf8mb4 COLLATE utf8mb4_unicode_ci NOT NULL,
  `created_at` timestamp NULL DEFAULT NULL,
  `updated_at` timestamp NULL DEFAULT NULL,
  PRIMARY KEY (`id`)
) ENGINE=InnoDB AUTO_INCREMENT=11 DEFAULT CHARSET=utf8mb4 COLLATE=utf8mb4_unicode_ci;
/*!40101 SET character_set_client = @saved_cs_client */;

--
-- Dumping data for table `todays_productions`
--

LOCK TABLES `todays_productions` WRITE;
/*!40000 ALTER TABLE `todays_productions` DISABLE KEYS */;
INSERT INTO `todays_productions` VALUES (1,'Sulphuric Acid','0','2023-02-27 03:43:52','2023-02-27 03:43:52'),(7,'Sulphuric Acid','2','2023-03-27 10:55:12','2023-03-27 10:55:12'),(8,'Sulphuric Acid','3','2023-03-28 05:21:10','2023-03-28 05:21:10'),(9,'Sulphuric Acid','280','2023-03-28 05:38:49','2023-03-28 05:38:49'),(10,'Sulphuric Acid','840','2023-03-28 05:39:43','2023-03-28 05:39:43');
/*!40000 ALTER TABLE `todays_productions` ENABLE KEYS */;
UNLOCK TABLES;

--
-- Table structure for table `users`
--

DROP TABLE IF EXISTS `users`;
/*!40101 SET @saved_cs_client     = @@character_set_client */;
/*!50503 SET character_set_client = utf8mb4 */;
CREATE TABLE `users` (
  `id` bigint unsigned NOT NULL AUTO_INCREMENT,
  `name` varchar(255) CHARACTER SET utf8mb4 COLLATE utf8mb4_unicode_ci NOT NULL,
  `email` varchar(255) CHARACTER SET utf8mb4 COLLATE utf8mb4_unicode_ci NOT NULL,
  `phone` varchar(255) CHARACTER SET utf8mb4 COLLATE utf8mb4_unicode_ci DEFAULT NULL,
  `email_verified_at` timestamp NULL DEFAULT NULL,
  `password` varchar(255) CHARACTER SET utf8mb4 COLLATE utf8mb4_unicode_ci NOT NULL,
  `last_seen` varchar(255) CHARACTER SET utf8mb4 COLLATE utf8mb4_unicode_ci DEFAULT NULL,
  `two_factor_secret` text CHARACTER SET utf8mb4 COLLATE utf8mb4_unicode_ci,
  `two_factor_recovery_codes` text CHARACTER SET utf8mb4 COLLATE utf8mb4_unicode_ci,
  `two_factor_confirmed_at` timestamp NULL DEFAULT NULL,
  `remember_token` varchar(100) CHARACTER SET utf8mb4 COLLATE utf8mb4_unicode_ci DEFAULT NULL,
  `current_team_id` bigint unsigned DEFAULT NULL,
  `profile_photo_path` varchar(2048) CHARACTER SET utf8mb4 COLLATE utf8mb4_unicode_ci DEFAULT NULL,
  `created_at` timestamp NULL DEFAULT NULL,
  `updated_at` timestamp NULL DEFAULT NULL,
  PRIMARY KEY (`id`),
  UNIQUE KEY `users_email_unique` (`email`)
) ENGINE=InnoDB AUTO_INCREMENT=12 DEFAULT CHARSET=utf8mb4 COLLATE=utf8mb4_unicode_ci;
/*!40101 SET character_set_client = @saved_cs_client */;

--
-- Dumping data for table `users`
--

LOCK TABLES `users` WRITE;
/*!40000 ALTER TABLE `users` DISABLE KEYS */;
/*!40000 ALTER TABLE `users` ENABLE KEYS */;
UNLOCK TABLES;
/*!40103 SET TIME_ZONE=@OLD_TIME_ZONE */;

/*!40101 SET SQL_MODE=@OLD_SQL_MODE */;
/*!40014 SET FOREIGN_KEY_CHECKS=@OLD_FOREIGN_KEY_CHECKS */;
/*!40014 SET UNIQUE_CHECKS=@OLD_UNIQUE_CHECKS */;
/*!40101 SET CHARACTER_SET_CLIENT=@OLD_CHARACTER_SET_CLIENT */;
/*!40101 SET CHARACTER_SET_RESULTS=@OLD_CHARACTER_SET_RESULTS */;
/*!40101 SET COLLATION_CONNECTION=@OLD_COLLATION_CONNECTION */;
/*!40111 SET SQL_NOTES=@OLD_SQL_NOTES */;

-- Dump completed on 2023-03-28  6:18:04
